id;line_1;line_2;city;state;pincode;lat;lon;country;landmark;shipping_address;billing_address;home_address;office_address;created_on;updated_on;created_by;updated_by
1;mindshare Interactions Versatile;Frozen Rubber line;Ricardobury;Sports withdrawal Architect;80470;88043;90396;Micronesia;Cambridgeshire end-to-end;true;false;false;false;2023-01-02T12:28:56;2023-01-02T23:36:59;Account;purple Credit Developer
2;Chile;invoice;Lenexa;invoice Hat;56707;66700;31357;Suriname;policy;false;false;false;true;2023-01-03T02:13:40;2023-01-03T00:25:00;Timor-Leste;Skyway Account
3;Toys contextually-based Sausages;National Soap;Starkchester;Shoes;86451;88266;4639;Chad;Gardens alarm;true;false;true;false;2023-01-02T10:25:47;2023-01-02T15:02:23;object-oriented override;optical
4;Texas;state Savings;New Rick;parse Luxembourg;10139;53968;33586;American Samoa;Identity calculate bus;false;true;true;true;2023-01-02T23:53:20;2023-01-02T14:19:14;Supervisor;disintermediate Architect Gloves
5;Rubber Orchestrator;fuchsia context-sensitive firewall;East Roslyn;Grass-roots Identity;60969;21866;15156;Brazil;invoice COM Plastic;true;false;true;false;2023-01-02T08:52:42;2023-01-02T21:36:46;withdrawal Marketing Gold;back Computers CSS
6;Extended copying optimize;Factors;Galveston;Rustic withdrawal Anguilla;64803;4652;70426;Saint Kitts and Nevis;Account sensor;true;true;false;false;2023-01-03T02:48:44;2023-01-02T19:05:48;Self-enabling Norwegian users;Incredible Mouse grow
7;Frozen Specialist Granite;Jewelery;Nikolastown;Kids deposit bus;53436;25631;78685;Togo;Fresh;true;true;true;true;2023-01-02T13:22:41;2023-01-02T19:59:02;integrated Concrete bypassing;microchip Toys
8;Practical;action-items THX;Mauriceburgh;Dakota Bulgaria withdrawal;4560;91943;44651;Zimbabwe;South override Vermont;true;true;false;true;2023-01-03T04:02:00;2023-01-02T08:33:50;olive Buckinghamshire hack;Barbados Massachusetts
9;Designer;Intelligent;Cronaborough;indigo compressing JSON;43996;38808;17751;Palau;platforms Auto bypassing;true;true;false;true;2023-01-02T22:29:30;2023-01-03T00:44:30;metrics FTP;open-source Tuna Pennsylvania
10;Upgradable transmitter;Nuevo Baby Keyboard;Evamouth;invoice Berkshire neural;18742;50695;19894;Saint Helena;payment withdrawal;false;true;true;true;2023-01-03T02:10:19;2023-01-02T23:09:45;Avon;Steel
